run_id,commit,alloy_version,solver,command,command_type,scope,expected,result,vacuous,artifact_path,operator_note,researcher_classification
20261004T065836Z-primary,8939f8c047de8cacffe1a68d8204ff69d6f46ff0,6.2.0,sat4j,AutomationCannotAccept,check,6,HOLD,NO_COUNTEREXAMPLE_IN_SCOPE,NON_VACUOUS_PASS,stderr.txt:00 UNSAT; witnessSubstantiveHumanDecision SAT,,
20261004T065836Z-primary,8939f8c047de8cacffe1a68d8204ff69d6f46ff0,6.2.0,sat4j,CorroboratedCannotBeSyntheticOnly,check,6,HOLD,NO_COUNTEREXAMPLE_IN_SCOPE,NON_VACUOUS_PASS,stderr.txt:01 UNSAT; witnessCorroboratedCandidate SAT,,
20261004T065836Z-primary,8939f8c047de8cacffe1a68d8204ff69d6f46ff0,6.2.0,sat4j,VerifiedCannotUseOnlyUntraceableEvidence,check,6,HOLD,NO_COUNTEREXAMPLE_IN_SCOPE,NON_VACUOUS_PASS,stderr.txt:02 UNSAT; witnessVerifiedCandidate SAT,,
20261004T065836Z-primary,8939f8c047de8cacffe1a68d8204ff69d6f46ff0,6.2.0,sat4j,RevisedHasHistory,check,6,HOLD,NO_COUNTEREXAMPLE_IN_SCOPE,NON_VACUOUS_PASS,stderr.txt:03 UNSAT; witnessRevisedInterpretation SAT,,
20261004T065836Z-primary,8939f8c047de8cacffe1a68d8204ff69d6f46ff0,6.2.0,sat4j,Naive_DistinctSourcesAreIndependent,check,6,COUNTEREXAMPLE,COUNTEREXAMPLE_FOUND,N/A,solutions/Naive_DistinctSourcesAreIndependent-solution-0.json,expected anti-invariant failure,
20261004T065836Z-primary,8939f8c047de8cacffe1a68d8204ff69d6f46ff0,6.2.0,sat4j,Naive_AcceptedImpliesGateBMutation,check,6,COUNTEREXAMPLE,COUNTEREXAMPLE_FOUND,N/A,solutions/Naive_AcceptedImpliesGateBMutation-solution-0.json,expected anti-invariant failure,
20261004T065836Z-primary,8939f8c047de8cacffe1a68d8204ff69d6f46ff0,6.2.0,sat4j,Naive_AcceptedImpliesCorroborated,check,6,COUNTEREXAMPLE,COUNTEREXAMPLE_FOUND,N/A,solutions/Naive_AcceptedImpliesCorroborated-solution-0.json,expected anti-invariant failure,
20261004T065836Z-primary,8939f8c047de8cacffe1a68d8204ff69d6f46ff0,6.2.0,sat4j,Naive_EnginePassedImpliesAccepted,check,6,COUNTEREXAMPLE,COUNTEREXAMPLE_FOUND,N/A,solutions/Naive_EnginePassedImpliesAccepted-solution-0.json,expected anti-invariant failure,
20261004T065836Z-primary,8939f8c047de8cacffe1a68d8204ff69d6f46ff0,6.2.0,sat4j,Naive_VerificationContestedImpliesHumanContested,check,6,COUNTEREXAMPLE,COUNTEREXAMPLE_FOUND,N/A,solutions/Naive_VerificationContestedImpliesHumanContested-solution-0.json,expected anti-invariant failure,
20261004T065836Z-primary,8939f8c047de8cacffe1a68d8204ff69d6f46ff0,6.2.0,sat4j,acceptedWithGateBNoChange,run,6,INSTANCE,INSTANCE_FOUND,N/A,solutions/acceptedWithGateBNoChange-solution-0.json,,
20261004T065836Z-primary,8939f8c047de8cacffe1a68d8204ff69d6f46ff0,6.2.0,sat4j,gateAAcceptedBeforeGateBDecision,run,6,INSTANCE,INSTANCE_FOUND,N/A,solutions/gateAAcceptedBeforeGateBDecision-solution-0.json,,
20261004T065836Z-primary,8939f8c047de8cacffe1a68d8204ff69d6f46ff0,6.2.0,sat4j,sharedOriginDifferentSources,run,6,INSTANCE,INSTANCE_FOUND,N/A,solutions/sharedOriginDifferentSources-solution-0.json,,
20261004T065836Z-primary,8939f8c047de8cacffe1a68d8204ff69d6f46ff0,6.2.0,sat4j,acceptedButNotCorroborated,run,6,INSTANCE,INSTANCE_FOUND,N/A,solutions/acceptedButNotCorroborated-solution-0.json,,
20261004T065836Z-primary,8939f8c047de8cacffe1a68d8204ff69d6f46ff0,6.2.0,sat4j,witnessSubstantiveHumanDecision,run,6,INSTANCE,INSTANCE_FOUND,N/A,solutions/witnessSubstantiveHumanDecision-solution-0.json,vacuity witness for AutomationCannotAccept,
20261004T065836Z-primary,8939f8c047de8cacffe1a68d8204ff69d6f46ff0,6.2.0,sat4j,witnessCorroboratedCandidate,run,6,INSTANCE,INSTANCE_FOUND,N/A,solutions/witnessCorroboratedCandidate-solution-0.json,vacuity witness for CorroboratedCannotBeSyntheticOnly,
20261004T065836Z-primary,8939f8c047de8cacffe1a68d8204ff69d6f46ff0,6.2.0,sat4j,witnessVerifiedCandidate,run,6,INSTANCE,INSTANCE_FOUND,N/A,solutions/witnessVerifiedCandidate-solution-0.json,vacuity witness for VerifiedCannotUseOnlyUntraceableEvidence,
20261004T065836Z-primary,8939f8c047de8cacffe1a68d8204ff69d6f46ff0,6.2.0,sat4j,witnessRevisedInterpretation,run,6,INSTANCE,INSTANCE_FOUND,N/A,solutions/witnessRevisedInterpretation-solution-0.json,vacuity witness for RevisedHasHistory,
20261004T065836Z-primary,8939f8c047de8cacffe1a68d8204ff69d6f46ff0,6.2.0,sat4j,can001Shape,run,6,INSTANCE,INSTANCE_FOUND,N/A,solutions/can001Shape-solution-0.json,CAN-001 historical regression — PASS,